Year,MAE
2016,6.693133864800921
2017,6.5621362798398515
2018,6.7967132171304305
2019,6.656676141879194
2020,7.024430961331566
2021,6.8172291652790244
2022,6.7905673449021675
2023,6.627189324291143
2024,6.748017782868311
2025,6.71757907055794
